{
  "project_info": {
    "project_number": "430530245445",
    "firebase_url": "https://sambotapplicationfin.firebaseio.com",
    "project_id": "sambotapplicationfin",
    "storage_bucket": "sambotapplicationfin.appspot.com"
  },
  "client": [
    {
      "client_info": {
        "mobilesdk_app_id": "1:430530245445:android:5cabe8fe9678701a",
        "android_client_info": {
          "package_name": "com.example.a8672756.sambotapplication"
        }
      },
      "oauth_client": [
        {
          "client_id": "430530245445-7ubocvrs5bob8056ga3k8jq6i4n122ls.apps.googleusercontent.com",
          "client_type": 1,
          "android_info": {
            "package_name": "com.example.a8672756.sambotapplication",
            "certificate_hash": "f961b9f803f7dc733aa95b54cfd21643cffa2c8c"
          }
        },
        {
          "client_id": "430530245445-fr06pnqkhd3mbjef2vm224oj9lq0tv64.apps.googleusercontent.com",
          "client_type": 3
        },
        {
          "client_id": "430530245445-fr06pnqkhd3mbjef2vm224oj9lq0tv64.apps.googleusercontent.com",
          "client_type": 3
        }
      ],
      "api_key": [
        {
          "current_key": "AIzaSyBjOhul-PH6uEw2ylwQ0O4xV13I32Dkbx0"
        }
      ],
      "services": {
        "analytics_service": {
          "status": 1
        },
        "appinvite_service": {
          "status": 2,
          "other_platform_oauth_client": [
            {
              "client_id": "430530245445-fr06pnqkhd3mbjef2vm224oj9lq0tv64.apps.googleusercontent.com",
              "client_type": 3
            }
          ]
        },
        "ads_service": {
          "status": 2
        }
      }
    }
  ],
  "configuration_version": "1"
}